"Medicine Name","Uses","Alternate Medicines","Therapeutic Class","Stock Level","December_2024","November_2024","October_2024","September_2024","August_2024","July_2024","June_2024","May_2024","April_2024","March_2024","February_2024","January_2024","December_2023","November_2023","October_2023","September_2023","August_2023","July_2023","June_2023","May_2023","April_2023","March_2023","February_2023","January_2023","December_2022","November_2022","October_2022","September_2022","August_2022","July_2022","June_2022","May_2022","April_2022","March_2022","February_2022","January_2022","December_2021","November_2021","October_2021","September_2021","August_2021","July_2021","June_2021","May_2021","April_2021","March_2021","February_2021","January_2021","December_2020","November_2020","October_2020","September_2020","August_2020","July_2020","June_2020","May_2020","April_2020","March_2020","February_2020","January_2020","December_2019","November_2019","October_2019","September_2019","August_2019","July_2019","June_2019","May_2019","April_2019","March_2019","February_2019","January_2019"
"Tramvo P 50mg/500mg Tablet","Moderate to severe pain,","Tromanil Extra 50mg/500mg Tablet,Mortadol 50mg/500mg Tablet,Tranzex Plus Tablet,Dinax T 50mg/500mg Tablet,Tramacad Plus 50mg/500mg Tablet,","PAIN ANALGESICS","495","632","958","988","619","721","984","865","801","977","826","615","502","940","720","546","529","886","717","714","783","941","504","649","758","927","841","962","543","712","836","934","564","822","937","926","715","678","754","795","582","780","946","702","803","911","575","712","812","707","984","643","529","984","749","828","719","888","879","883","549","742","679","785","744","602","699","649","872","685","910","767","991"
"Decando 50mg Injection","Treatment of Post menopausal osteoporosis,","Deca-Durabolin 50 Injection,Metadec 50 Injection,Deca Intabolin 50mg Injection,Decatrolin 50mg Injection,Protomark 50mg Injection,","HORMONES","110","705","618","503","619","885","636","753","716","891","535","850","890","972","645","717","556","670","887","917","963","865","539","744","892","775","629","785","930","618","855","867","803","800","958","921","765","543","643","823","824","507","923","631","551","991","712","658","716","680","552","726","910","670","819","655","842","526","597","574","970","625","989","510","874","730","770","934","937","899","849","956","865"
"Amfy Gel","Fungal skin infections,","","ANTI INFECTIVES","463","554","648","844","506","567","874","710","825","611","688","927","852","859","584","975","531","599","552","771","530","870","725","681","786","758","878","672","875","530","925","784","790","981","758","939","625","899","868","722","824","994","621","919","711","933","757","651","838","921","614","661","572","541","882","749","937","521","914","888","971","537","664","897","812","555","649","929","675","742","574","952","828"
"Carveko 3.125 Tablet","Treatment of Hypertension (high blood pressure),Treatment of Angina (heart-related chest pain),Treatment of Heart failure,","Cardivas 3.125 Tablet,Carca 3.125 Tablet,Carvil 3.125 Tablet,Carloc 3.125 Tablet,Carvaril Tablet,","CARDIAC","306","978","512","588","614","761","934","679","780","828","895","892","831","891","977","899","812","687","886","938","537","862","717","521","699","729","757","938","900","954","962","502","646","754","509","524","885","529","832","644","948","637","918","848","859","962","665","730","526","811","813","906","610","890","996","783","935","562","617","590","896","526","507","668","770","835","884","952","908","978","790","972","672"
"Ropifast 0.75mg Injection","Local anesthesia (Numb tissues in a specific area),","","PAIN ANALGESICS","134","652","821","601","905","703","838","843","600","694","533","671","540","714","894","744","639","787","911","760","591","878","554","580","892","536","601","768","839","921","876","861","586","760","650","826","587","990","785","825","534","707","716","638","813","768","663","874","851","967","762","686","526","846","981","980","671","922","512","687","990","836","823","543","890","705","779","708","859","700","629","836","828"
"Semitor Plus 50mg/20mg Tablet","Treatment of Edema,","Torget Plus 20 Tablet,Dytor Plus 20 Tablet,Tordack Plus 20 Tablet,Ticomide S 50mg/20mg Tablet,Torsilem Forte 50mg/20mg Tablet,","CARDIAC","85","790","523","519","572","642","741","943","781","671","597","674","644","890","848","735","639","900","541","974","894","609","879","704","742","821","898","971","703","823","967","540","769","568","507","794","726","602","914","646","507","775","949","672","772","569","534","974","562","815","551","962","614","542","751","994","732","801","848","679","585","965","854","929","517","873","554","950","669","798","506","960","650"
"Pantak 40mg Tablet","Treatment of Heartburn,Treatment of Gastroesophageal reflux disease (Acid reflux),Treatment of Peptic ulcer disease,Treatment of Zollinger-Ellison syndrome,","Pantakind Tablet,Pantafol 40mg Tablet,Pezover 40 Tablet,PAN 40 Tablet,Pantocid Tablet,","GASTRO INTESTINAL","388","925","906","906","672","613","971","575","966","563","888","592","738","665","891","508","988","928","938","515","820","676","898","644","754","648","585","901","734","620","812","516","753","604","673","846","716","901","967","516","947","591","654","723","838","701","891","587","919","751","614","960","513","954","612","612","678","614","676","713","610","798","516","662","929","878","724","809","802","985","979","945","683"
"Snuthro 500 Tablet","Treatment of Bacterial infections,","Azithral 500 Tablet,Azee 500 Tablet,Azax 500 Tablet,Azisafe 500mg Tablet,Azeepure 500 Tablet,","ANTI INFECTIVES","78","571","983","502","538","793","664","925","889","897","793","762","950","977","959","942","813","847","602","835","520","911","731","510","754","960","663","647","683","765","807","588","824","808","817","780","698","899","530","812","966","919","559","749","824","699","516","913","573","877","553","670","692","558","652","685","647","865","584","804","636","777","906","987","639","782","741","866","539","578","644","568","509"
"Nefrum 250mg Tablet","Treatment of Bacterial infections,","Cefakind 250 Tablet,Cefasyn 250 Tablet,Cefaprime 250 Tablet,Ceftum 250mg Tablet,Oratil 250mg Tablet,","ANTI INFECTIVES","368","964","687","993","708","710","678","868","920","619","908","908","586","973","911","930","689","557","774","820","596","970","864","985","703","852","639","680","899","841","982","551","607","870","503","553","945","904","926","690","942","935","946","995","594","987","897","825","920","865","633","754","975","886","550","731","929","619","935","617","828","570","869","655","759","537","986","686","671","580","543","796","989"
"Seapod 200mg Tablet","Treatment of Bacterial infections,","Gudcef 200 Tablet,Zedocef 200 Tablet,Opox 200mg Tablet,Monocef-O 200 Tablet,Cepodem 200 Tablet,","ANTI INFECTIVES","255","761","661","868","521","720","734","694","687","917","676","947","813","506","719","527","772","886","961","579","509","724","892","527","875","650","711","872","878","825","837","952","635","854","755","678","773","551","525","770","959","904","953","755","794","826","591","715","874","930","813","520","870","623","791","596","640","825","728","863","810","901","872","861","848","698","749","867","928","942","998","716","704"
"Contiz 2mg Tablet","Muscle relaxation,","Tizan 2 Tablet,Sirdalud 2mg Tablet,Tizpa 2mg Tablet,Ginox Tablet,Tizakind 2mg Tablet,","PAIN ANALGESICS","58","867","806","881","506","706","555","530","541","926","539","649","772","579","567","584","877","857","523","698","868","599","646","676","558","892","920","549","969","796","673","908","881","953","792","575","806","847","762","865","665","515","610","849","745","687","911","957","800","930","781","835","675","866","716","831","674","532","786","581","696","933","727","591","983","755","944","511","537","551","521","691","560"
"NV-Cold-Junior Oral Suspension","Treatment of Common cold,","Sneezbye Cold DS Oral Suspension,NT Cold Plus Oral Suspension,Dicolead-P DS Oral Suspension,Amzycold-P Oral Suspension,Enfrio Syrup,","RESPIRATORY","15","712","912","862","683","529","508","522","730","945","878","714","536","508","500","635","999","844","903","957","529","676","532","761","832","618","502","951","579","736","703","510","587","522","505","765","760","654","898","610","610","887","872","841","666","875","513","755","900","684","866","683","909","537","889","864","739","963","741","761","660","849","778","719","664","714","550","773","676","921","808","786","984"
"Valnate 333mg/145mg Tablet CR","Epilepsy,","Valprid CR 500 Tablet,Valprol -CR 500 Tablet,Encorate Chrono 500 Tablet CR,Torvate Chrono 500 Tablet CR,Valtec CR 500 Tablet,","NEURO CNS","295","726","935","653","915","808","642","810","736","933","525","986","878","892","540","632","894","712","568","535","624","746","645","549","532","736","771","872","603","876","765","810","752","563","647","908","529","848","566","535","963","936","882","814","957","587","535","684","998","671","893","615","889","802","995","911","835","886","716","989","552","724","977","896","870","629","950","777","607","949","983","927","597"
"Monobact Kid 250mg/125mg Injection","Bacterial infections,","Traxol S 250 mg/125 mg Injection,Xone SB 250 mg/125 mg Injection,Accuzon Plus 250 mg/125 mg Injection,Maczone Plus 250 mg/125 mg Injection,Cefrine Plus 250 mg/125 mg Injection,","ANTI INFECTIVES","84","966","531","841","553","501","569","625","802","577","996","811","876","677","673","978","501","741","871","632","755","933","639","960","821","724","589","701","692","651","575","642","542","951","957","628","982","694","891","593","517","822","536","863","873","552","820","587","760","596","636","736","558","534","577","958","517","577","547","599","578","900","949","800","844","881","824","811","771","678","632","966","815"
"Clacort 6mg Tablet","Treatment of Inflammatory conditions,Treatment of Autoimmune conditions,","Defcicot 6mg Tablet,Zefcort 6mg Tablet,Deflawok 6mg Tablet,Defza 6 Tablet,Cortimax 6mg Tablet,","HORMONES","335","887","766","628","548","747","519","872","556","691","977","726","583","889","797","718","515","751","994","588","775","614","814","857","906","858","899","793","538","660","848","814","581","559","769","622","901","686","621","798","636","719","604","973","936","604","634","940","990","930","631","751","636","670","788","578","689","557","539","818","901","506","867","663","799","923","650","736","519","700","569","621","760"
"Ventryl LS Syrup","Treatment of Cough with mucus,","Dexcare LS Syrup,Corex LS Junior Syrup Mixed Fruit,Brozeet-LS Syrup Sugar Free,Notus LS Syrup,Spirovent Plus Kid Syrup,","RESPIRATORY","21","798","946","922","835","584","781","608","706","974","969","753","780","661","909","595","575","883","716","917","789","769","899","741","753","727","536","591","584","817","685","870","890","868","901","760","858","856","888","714","949","926","928","600","679","652","658","712","810","980","695","836","668","975","682","894","647","689","551","718","887","997","516","966","703","792","686","632","523","959","704","742","845"
"Dracold Tablet","Treatment of Common cold,","Sneezfet Plus Tablet,Petodox Plus Tablet,Zintocold Tablet,Coget Plus Tablet,Vicosit-Plus Tablet,","RESPIRATORY","397","920","755","556","578","584","532","546","783","925","579","720","885","591","995","843","809","748","903","635","522","886","661","736","724","695","547","714","564","977","820","957","524","548","673","759","502","887","565","890","533","776","878","621","780","806","760","744","807","721","733","965","785","877","615","981","507","698","549","717","564","819","763","580","779","507","889","858","886","788","760","750","709"
"Cefafar 500mg Tablet","Treatment of Bacterial infections,","Cefakind 500 Tablet,Cefasyn 500 Tablet,Ceroxitum 500 Tablet,Ceftum 500mg Tablet,Cefu 500 Tablet,","ANTI INFECTIVES","228","930","854","821","524","829","922","697","523","921","985","787","710","924","631","632","798","513","988","710","522","712","968","926","624","519","572","799","974","539","768","564","632","583","730","866","875","967","624","739","844","581","582","551","759","980","527","949","598","541","986","644","562","555","760","789","610","728","825","676","587","582","729","697","976","756","858","596","694","861","916","671","816"
"Furocare 500mg Tablet","Treatment of Bacterial infections,","Cefakind 500 Tablet,Cefasyn 500 Tablet,Ceroxitum 500 Tablet,Ceftum 500mg Tablet,Zocef 500 Tablet,","ANTI INFECTIVES","269","875","668","521","946","613","910","553","967","812","741","580","573","900","745","962","756","583","946","876","588","903","919","700","806","541","630","920","849","843","683","628","930","957","548","542","701","888","904","955","595","684","655","536","898","628","583","980","576","541","817","709","908","644","795","871","821","913","923","744","689","953","668","527","948","776","884","644","667","712","807","820","839"
"Leniol 1000mg Injection","Pain relief,Treatment of Fever,","Parafast 1000mg Injection,Gerpyrin 1000mg Injection,Ifimol Injection,Ivipara Injection,Pyrorem 1000mg Injection,","PAIN ANALGESICS","5","830","959","794","850","786","890","825","588","578","988","767","840","829","722","547","862","995","782","582","611","945","603","772","830","544","513","965","745","795","552","817","898","540","756","773","749","605","750","634","911","866","716","873","582","903","918","760","675","874","784","792","631","669","753","523","657","948","803","752","899","990","716","676","913","576","601","964","545","999","876","738","858"
"Epivent LS JR Syrup","Cough with mucus,","Cheston LS Junior Syrup,Fleetus-PD Syrup,Nexicof LS Syrup,Ascodex LS Junior Syrup,Bronkolyte LS PD Syrup,","RESPIRATORY","477","907","600","750","673","536","536","934","537","964","905","766","649","899","539","840","744","737","512","826","704","848","819","809","805","525","715","606","595","629","506","956","584","940","944","881","678","781","901","517","845","708","738","925","542","782","754","501","941","648","860","855","657","734","737","693","786","636","767","638","750","886","907","994","717","841","821","713","759","698","563","513","668"
"Loyzide 30mg Tablet XR","Treatment of Type 2 diabetes mellitus,","Insurize 30mg Tablet XR,Diamicron 30mg Tablet XR,Vidzid 30mg Tablet XR,Xzid 30mg Tablet XR,Glz 30mg Tablet XR,","ANTI DIABETIC","298","543","706","788","829","782","678","727","514","825","899","758","536","868","608","894","960","978","964","553","621","999","604","598","755","663","732","796","729","985","718","549","554","779","881","859","720","689","815","791","526","849","711","671","681","929","511","977","930","640","633","779","790","996","660","850","770","774","750","803","510","965","841","797","598","692","727","808","501","605","934","640","578"
"Mikanip 100mg Injection","Bacterial infections,","Mikacin 100mg Injection,Amikamac 100mg Injection,Amicin 100mg Injection,Macmika 100mg Injection,Omnikacin 100mg Injection,","ANTI INFECTIVES","117","659","907","617","908","573","955","839","821","558","724","979","983","517","883","741","656","945","641","766","920","913","544","845","681","623","756","593","607","864","611","882","510","548","822","997","989","931","602","676","653","831","704","823","567","954","549","596","951","797","614","768","554","503","680","978","819","555","803","796","666","533","933","782","521","511","758","715","505","793","759","958","617"
"Pentaped-DSR Capsule","Treatment of Gastroesophageal reflux disease (Acid reflux),Treatment of Indigestion,Treatment of Gastritis,","Pantosec D SR Capsule,Pantakind-DSR Capsule,Pantafol DSR 30mg/40mg Capsule PR,Pantocid DSR Capsule,Pantop-D SR Capsule,","GASTRO INTESTINAL","158","728","788","661","690","896","996","617","535","941","945","967","624","602","556","819","939","501","954","639","954","955","704","687","568","733","665","623","722","530","907","555","782","736","602","906","668","957","881","986","882","574","985","857","922","730","788","961","850","697","899","602","867","648","845","673","659","670","828","937","794","838","881","746","844","824","960","837","526","550","858","766","986"
"Healacid-O Oral Suspension Refreshing-Tangy Sugar Free","Treatment of Acidity,Treatment of Heartburn,Treatment of Stomach ulcers,","Macbate Oral Suspension Mint Sugar Free,Betacid Oxe Oral Suspension,OSM-Plus Oral Suspension Orange,Aciprax Gel Mint Sugar Free,Nutragel IR Oral Suspension,","GASTRO INTESTINAL","51","695","816","667","768","871","541","731","851","750","688","787","606","763","515","952","553","969","584","840","776","889","562","923","898","543","624","680","954","555","670","622","563","553","553","997","643","608","702","796","855","676","759","512","577","556","822","777","715","990","643","505","816","722","981","703","873","822","636","925","554","985","658","809","610","919","875","898","709","987","852","579","946"
"Troxom 2000mg Injection","Treatment of Bacterial infections,","Unitrax 2000mg Injection,Traxol 2000mg Injection,Greatcef 2000mg Injection,Zoxton 2gm Injection,Xari 2000mg Injection,","ANTI INFECTIVES","280","960","869","818","866","590","995","939","596","607","550","836","518","735","730","925","869","676","781","777","937","830","785","639","635","906","748","627","948","771","686","921","503","762","562","757","808","927","806","506","670","861","556","889","974","611","586","733","861","906","627","675","631","511","775","852","606","685","654","504","515","576","584","648","860","705","510","621","687","954","697","526","943"
"Sipod CV 200mg/125mg Tablet","Treatment of Respiratory tract infection,","Cepodem XP 325 Tablet,Gudcef-CV 200 Tablet,Monocef-O CV 200/125 Tablet,Doxcef CV 200 Tablet,Swich CV 325 Tablet,","ANTI INFECTIVES","315","854","851","627","769","758","692","931","630","839","574","925","736","733","681","757","774","881","990","593","634","938","727","711","814","646","513","685","707","963","926","560","703","986","930","687","650","520","905","808","623","728","509","861","788","642","651","905","956","586","769","990","569","661","763","574","500","744","978","518","953","998","533","975","579","516","525","977","580","913","992","663","510"
"Medzone S 1000mg/500mg Injection","Treatment of Bacterial infections,","Zostum 1.5gm Injection,Lactagard 1500 Injection,Zonamax ES 1000 mg/500 mg Injection,Omnibact Forte Injection,Nurokind-G  1000 mg/500 mg Injection,","ANTI INFECTIVES","439","601","506","644","672","879","775","556","984","714","809","818","797","657","762","654","992","552","727","508","847","671","993","516","867","561","747","601","609","878","957","932","721","745","624","702","570","949","788","882","689","988","615","946","532","750","990","918","975","609","871","863","695","582","814","801","635","976","569","507","800","849","757","516","980","760","774","631","508","514","503","996","576"
"GMP Star 2 Tablet SR","Treatment of Type 2 diabetes mellitus,","Ziglim Plus 2 Tablet SR,Triglynase 2 Tablet SR,Tripride 2 Tablet SR,Pioplus 2 Tablet SR,Triglimiprex 2 Tablet SR,","ANTI DIABETIC","91","898","590","614","776","549","903","822","744","648","681","886","812","559","625","840","818","790","500","810","854","607","935","574","712","743","654","838","593","576","798","513","896","985","716","670","860","648","960","591","728","508","999","651","554","670","689","564","537","670","558","935","529","536","672","746","897","926","922","720","665","978","572","962","970","824","732","774","604","924","577","776","643"
"Dimpride 10mg Tablet","Treatment of Type 2 diabetes mellitus,","Justoza 10 Tablet,Dapaford 10 Tablet,Oxra 10mg Tablet,Dapazee 10 Tablet,Forxiga 10mg Tablet,","ANTI DIABETIC","225","626","535","760","733","831","951","546","551","793","688","654","703","864","991","768","511","968","895","673","649","923","822","965","574","767","985","561","940","565","779","921","552","917","938","974","966","798","562","568","789","951","618","719","747","871","620","881","893","890","853","913","843","697","587","864","964","580","973","868","829","560","693","506","824","530","848","552","871","755","678","697","811"
"Rapixim-OF Oral Suspension","Treatment of Typhoid fever,Treatment of Bacterial infections,","Biocefmix-O Dry Syrup,Siffy O Oral Suspension,Ximenov-OF Dry Syrup,Cefipride-O Dry Syup,Jenfix-O Dry Syrup,","ANTI INFECTIVES","55","539","676","597","613","502","624","820","664","859","605","968","997","834","656","722","651","844","506","823","697","963","804","848","843","661","877","664","706","787","944","678","605","917","626","561","557","779","686","525","975","880","996","753","797","888","884","512","704","509","814","553","638","935","695","813","616","625","785","624","882","888","559","920","854","574","776","675","531","515","611","877","939"
"Pragnix-N Tablet","Treatment of Neuropathic pain,","Nortryptomer-P 10mg/75mg Tablet,Nortipan Tablet,Pregaba NT 75 mg/10 mg Tablet,Nervite Tablet,Nurogab NT  Tablet,","NEURO CNS","59","964","813","525","645","958","995","796","762","907","619","540","550","836","642","960","732","642","600","885","791","623","755","636","855","570","957","783","583","895","622","687","504","724","603","676","900","908","682","832","874","945","970","602","859","627","902","630","915","933","710","967","701","764","637","501","883","988","871","637","946","537","844","715","970","595","982","794","966","905","684","520","956"
"Rabaroo-DSR Capsule","Treatment of Gastroesophageal reflux disease (Acid reflux),Treatment of Peptic ulcer disease,","Rebozen-DSR Capsule,Renvorab-DSR Capsule,Piltop-DSR Capsule,Rabekind-DSR Capsule,Rabonik DSR Capsule,","GASTRO INTESTINAL","281","704","971","588","733","826","810","921","928","582","714","933","604","816","853","708","527","612","709","952","686","531","967","925","672","518","645","770","888","535","782","918","551","684","874","530","910","631","503","516","988","544","750","961","600","597","798","512","527","519","826","825","825","923","898","822","623","564","638","877","540","993","691","580","736","696","983","999","535","736","763","627","763"
"Mezpod 50mg Dry Syrup","Treatment of Bacterial infections,","Oxipod 50mg Dry Syrup,Cedon 50mg Dry Syrup Delicious Mango,Polypod 50mg Dry Syrup,Uva Cef 50mg Dry Syrup,Xop 50mg Dry Syrup,","ANTI INFECTIVES","350","684","904","857","622","692","800","581","854","929","771","836","590","647","546","949","634","762","771","743","836","503","855","629","915","836","658","749","913","579","549","715","528","917","978","858","749","698","724","931","913","789","840","977","821","753","549","526","618","924","578","776","763","669","771","750","703","693","926","846","599","762","675","811","616","899","778","691","661","521","869","774","740"
"C Vit 500mg Tablet","Treatment of Epilepsy/Seizures,","Levepsy 500 Tablet,Levetas 500mg Tablet,Levexx 500 Tablet,Epilive 500 Tablet,Epiletra 500mg Tablet,","NEURO CNS","322","860","934","748","923","935","671","825","983","761","841","916","549","695","910","905","669","854","661","927","529","979","885","567","630","512","501","862","534","647","827","751","766","585","719","688","850","947","555","699","816","765","605","814","958","985","677","688","605","692","805","667","631","540","639","667","584","809","555","849","980","654","747","869","768","705","519","726","816","763","997","515","702"
"Mutech LS Syrup","Treatment of Cough with mucus,","Kofarest-LS Syrup,Chericof-LS Syrup,Levolin Plus Syrup Pineapple & Black currant,Asthalin AX Syrup,Ambrolite Levo Syrup,","RESPIRATORY","17","877","854","603","802","815","963","603","895","835","908","705","571","523","648","615","829","968","733","559","780","940","625","767","864","998","564","998","954","950","973","545","816","943","754","796","588","822","746","668","700","871","551","686","545","726","970","726","708","507","807","794","751","528","721","911","918","695","757","757","760","903","990","704","651","769","925","882","570","734","656","727","690"
"Adicef 1000mg Injection","Treatment of Bacterial infections,","Xone 1000mg Injection,Cefaxone 1gm Injection,Traxol 1000mg Injection,Maczone 1000mg Injection,Ceftrax 1000mg Injection,","ANTI INFECTIVES","410","802","943","860","723","895","534","701","955","996","648","935","930","663","754","704","527","909","797","854","570","867","982","709","778","821","629","562","514","868","692","581","898","840","763","820","612","822","564","732","932","875","913","577","822","996","928","796","755","930","777","533","591","892","967","863","525","937","961","842","736","740","643","540","623","902","950","897","597","717","736","686","599"
"Jovirab D 30mg/20mg Capsule","Treatment of Gastroesophageal reflux disease (Acid reflux),Treatment of Peptic ulcer disease,","Cyra-D Capsule,Rabeloc RD Capsule,Rabez D 30 mg/20 mg Capsule,Rabicer DSR 30mg/20mg Capsule,Olez-DSR Capsule,","GASTRO INTESTINAL","297","959","829","898","911","971","556","730","753","806","971","718","637","763","767","557","804","795","710","848","524","631","978","920","804","656","943","800","912","569","962","874","871","545","521","525","835","976","527","880","754","996","925","584","847","692","738","739","627","873","617","637","574","506","501","653","901","518","643","513","891","942","900","815","901","888","861","774","639","598","624","721","817"
"Topril-AM 5mg/2.5mg Tablet","Hypertension (high blood pressure),","Ramistar-AM 2.5 Tablet,Cardace AM 2.5 Tablet,Ramistar-A 2.5 Tablet,Servace AM 5 mg/2.5 mg Tablet,Ampine RL 5 mg/2.5 mg Tablet,","CARDIAC","125","668","795","892","654","817","509","714","989","630","950","996","994","561","957","790","823","785","821","787","932","571","959","567","684","681","580","858","715","779","883","553","910","742","751","729","519","840","958","696","842","719","981","814","743","948","828","857","713","544","910","542","728","793","740","905","937","502","779","733","760","637","856","828","686","719","683","984","696","795","647","562","527"
"Clovic-P Tablet","Pain relief,","Acimol 100 mg/325 mg Tablet,Vetory P Tablet,Zerodol P Tablet,Hifenac P Tablet,Aceclo Plus Tablet,","PAIN ANALGESICS","458","987","769","546","591","718","756","961","776","635","750","531","968","924","578","669","771","629","750","686","619","933","663","522","781","577","735","936","974","608","607","561","691","602","935","698","612","736","744","566","959","742","641","946","678","584","809","870","526","725","844","917","727","534","896","947","921","519","528","931","997","879","562","919","706","824","887","842","968","938","800","616","619"
"Parapet 50mg/500mg Tablet","Pain relief,","Duoflam N Tablet,Dinax P 50 mg/500 mg Tablet,Clofenac P 50 mg/500 mg Tablet,Infla 50mg/500mg Tablet,Blofen 50mg/500mg Tablet,","PAIN ANALGESICS","117","886","778","774","663","917","689","574","847","911","862","768","739","778","664","663","781","718","922","609","557","558","884","601","757","898","572","575","961","524","812","875","950","898","809","912","670","642","554","780","841","934","631","824","667","595","541","830","710","572","569","791","658","675","569","776","647","647","687","932","932","794","504","527","811","799","868","507","561","673","505","784","944"
"Trance 500mg Injection","Treatment of Bleeding,","Pause 500mg Injection,Tranostat Injection,Texakind 500mg Injection,Tranlok 500mg Injection,Clip Injection,","BLOOD RELATED","288","534","757","939","846","662","553","716","870","512","984","988","919","539","542","726","781","987","519","906","989","507","628","564","579","691","573","984","947","947","552","838","593","523","762","977","806","891","763","589","833","902","836","697","642","782","794","513","638","938","806","733","700","705","589","510","933","636","773","762","739","891","533","990","507","574","938","914","989","717","711","765","929"
"Glimulin-MF 1mg/500mg Tablet PR","Treatment of Type 2 diabetes mellitus,","Glycomet-GP 1 Tablet PR,Akglim-M 1 Tablet PR,Gluconorm-G 1 Tablet PR,Glimestar-M 1 Tablet PR,Glimisave M 1 Tablet PR,","ANTI DIABETIC","204","563","733","554","653","772","684","947","943","849","885","852","645","789","506","582","602","670","883","954","763","532","687","872","559","502","666","704","749","994","886","540","873","577","894","974","894","508","690","558","883","787","615","715","928","722","950","774","840","855","780","903","533","649","650","816","624","851","770","786","916","584","706","574","730","971","804","806","799","959","867","904","946"
"Flavocip 200 Tablet","Treatment of Muscle spasms of the urinary tract,","Urikind Tablet,Relaxuro Tablet,Urispas Tablet,Flavospas Tablet,Flavate 200mg Tablet,","UROLOGY","328","737","854","508","844","679","883","627","926","893","644","758","898","939","706","530","795","973","790","730","883","656","637","976","618","666","858","817","533","621","744","515","829","793","803","600","695","819","649","789","881","999","854","830","587","630","527","730","651","593","661","660","854","769","514","872","785","780","698","843","541","814","687","597","811","593","897","701","975","727","690","552","868"
"Divaprol F 40mg/5mg Tablet SR","Prevention of Migraine,","Provanol Plus 5 Tablet SR,Migiplex 5 Tablet SR,Zinepra 5 Tablet SR,Mibeta-Plus 5 Tablet SR,Ciplar Plus 5 Tablet SR,","CARDIAC","163","545","615","544","634","802","634","501","984","998","940","513","533","921","500","683","782","936","717","830","777","998","962","668","741","720","514","607","714","995","955","873","748","916","615","856","960","990","529","961","563","640","546","628","648","790","558","530","529","802","638","619","502","788","648","735","690","607","955","961","758","795","929","622","876","791","745","893","805","679","538","939","775"
"Namik SP 100mg/325mg/15mg Tablet","Pain relief,","Zerodol-SP Tablet,Signoflam Tablet,Moviz 3D Tablet,Flozen-AA Tablet,Myoflam Tablet,","PAIN ANALGESICS","245","864","552","742","691","777","945","951","891","579","823","789","567","641","600","822","534","968","603","824","784","538","815","880","960","626","506","879","853","561","520","731","701","617","582","867","769","502","570","763","663","685","585","693","766","569","572","548","834","953","676","931","552","821","569","700","701","617","934","559","787","608","583","901","564","863","571","774","696","593","950","503","925"
"Kargip Tablet","Treatment of Common cold,","1-AL Total Tablet,LCZ Plus Tablet,Levotiz Plus Tablet,Levact Plus Tablet,Crf X Tablet,","RESPIRATORY","353","698","831","946","674","748","836","923","693","514","919","730","512","567","760","838","713","988","589","889","560","880","762","734","916","847","778","881","991","933","750","506","826","958","739","702","966","884","821","807","719","654","919","545","610","596","665","728","673","856","861","856","542","943","945","708","589","647","651","729","747","574","617","884","569","756","601","578","852","621","932","798","788"
"Zypcort 12mg Tablet","Treatment of Inflammatory conditions,Treatment of Autoimmune conditions,","Defcort 12 Tablet,Cortimax 12mg Tablet,Fastcort 12 Tablet,Defcort 12 Tablet,Orthocort 12mg Tablet,","HORMONES","182","776","570","869","641","813","961","945","840","716","821","677","594","554","807","715","857","735","735","771","907","976","598","604","724","844","863","978","725","934","632","856","734","724","920","746","923","615","599","759","824","531","918","604","626","763","669","541","805","715","935","690","880","922","742","542","968","943","756","912","638","588","514","734","781","736","803","611","828","839","744","510","768"
"AGA-DT Tablet","Benign prostatic hyperplasia,","","UROLOGY","78","675","688","769","761","723","751","764","784","509","922","986","894","920","634","611","607","517","644","528","945","854","741","880","872","886","958","644","887","652","929","597","642","658","639","931","981","865","765","698","904","559","742","725","508","734","659","918","861","708","840","820","662","953","599","606","947","836","890","645","774","703","960","561","942","630","848","906","752","734","523","777","771"
"Painil 100mg Tablet","Pain relief,","Zerodol Tablet,Hifenac Tablet,Dolokind 100mg Tablet,Aceclo Tablet,Topnac 100mg Tablet,","PAIN ANALGESICS","286","663","554","774","891","699","669","712","843","563","859","896","920","905","586","639","610","972","646","867","631","823","814","754","854","905","826","958","638","749","525","801","760","903","519","665","555","851","828","885","887","546","697","846","576","917","599","756","802","917","598","765","606","777","767","744","948","909","746","584","501","619","919","732","919","954","936","823","575","807","924","713","511"
"Tubolax Forte Syrup","Treatment of Constipation,","","GASTRO INTESTINAL","444","674","947","664","838","833","859","661","965","842","767","567","780","968","906","623","858","572","727","883","611","928","917","680","500","991","702","835","508","775","509","763","645","825","612","841","889","819","704","638","909","685","940","946","905","529","553","546","874","904","702","955","564","687","602","719","999","640","519","833","530","634","766","596","647","888","597","534","630","824","583","507","881"
"Ocypo T Syrup","Appetite stimulant,","Cypofame Syrup,Biopron Syrup,Zapiton Syrup,Ciprovit Syrup,Aptabit TC Syrup,","VITAMINS MINERALS NUTRIENTS","312","577","506","765","929","939","891","530","887","515","677","957","610","712","732","659","976","732","522","826","624","797","913","744","640","671","913","949","873","886","907","759","541","538","856","600","775","991","655","979","909","728","855","940","715","852","685","760","996","739","812","784","755","691","748","815","633","794","505","928","913","945","918","979","965","660","818","703","780","785","963","877","865"
"Dazacort 6mg Tablet","Treatment of Inflammatory conditions,Treatment of Autoimmune conditions,","Defcicot 6mg Tablet,Zefcort 6mg Tablet,Deflawok 6mg Tablet,Defza 6 Tablet,Cortimax 6mg Tablet,","HORMONES","83","667","585","760","811","706","910","820","586","517","696","573","771","709","521","933","504","721","623","838","523","660","747","611","877","866","809","759","863","548","765","636","833","503","817","601","576","588","999","869","966","741","643","709","643","538","682","969","787","641","750","684","559","584","990","751","878","574","808","583","561","676","798","887","663","874","807","736","532","915","684","628","704"
"Carmuther 100 Injection","Brain tumor,","Consium 100mg Injection,Carstim 100mg Injection,Carustine 100mg Injection,","ANTI NEOPLASTICS","118","989","856","734","812","515","696","740","760","652","951","621","932","533","998","990","786","555","908","855","554","966","974","523","702","755","906","936","691","873","649","993","640","508","631","986","846","747","851","938","729","507","881","833","755","777","809","638","891","869","628","908","942","974","505","568","638","858","602","881","870","594","966","832","626","598","617","732","592","963","715","807","577"
"Awnabol 25mg Injection","Treatment of Post menopausal osteoporosis,","Deca-Durabolin 25 Injection,Metadec 25 Injection,Durabolin 25 Injection,Nandrolone Decanoate 25mg Injection,Metabol 25 Injection,","HORMONES","56","695","617","964","812","975","697","989","960","500","621","877","924","623","619","853","867","875","856","719","893","581","847","596","555","811","833","941","927","539","560","683","800","742","853","763","570","765","723","863","953","688","973","986","968","682","860","936","653","965","651","807","768","591","816","999","681","687","652","924","735","786","910","777","967","641","924","541","950","755","607","806","906"
"Glycostar M Forte 1mg/1000mg Tablet","Treatment of Type 2 diabetes mellitus,","Glisen MF Forte 1 Tablet,Xilia-M1 Forte Tablet,Priglim-M 1 Forte Tablet,Glimidart M Forte 1mg/1000mg Tablet,Defmet G Forte 1mg/1000mg Tablet,","ANTI DIABETIC","264","893","663","619","552","802","888","759","928","778","583","972","694","695","604","579","998","642","593","961","667","680","668","790","948","513","959","678","575","994","629","604","664","547","956","545","514","520","694","855","645","509","777","551","916","930","561","836","549","576","968","708","952","850","928","894","897","536","857","554","762","602","621","659","521","918","855","667","951","947","692","848","987"
"Ninza MR 100 mg/2 mg Tablet","Pain due to muscle spasm,","Nise  MR 100mg/2mg Tablet,Nimeson TN 100 mg/2 mg Tablet,Nisul MR Tablet,Dicka Relax 100 mg/2 mg Tablet,Emsulide MR 100 mg/2 mg Tablet,","PAIN ANALGESICS","116","902","781","686","977","963","985","940","850","582","954","621","629","596","781","917","973","512","775","878","531","854","835","725","627","543","889","521","778","668","548","937","617","845","733","515","843","715","682","869","846","774","602","869","780","633","998","842","576","651","680","829","962","982","699","914","701","952","868","875","608","694","656","947","714","590","684","761","511","609","678","616","911"
"Ovpraz D 10mg/40mg Tablet","Treatment of Gastroesophageal reflux disease (Acid reflux),Treatment of Indigestion,Treatment of Gastritis,","Pantosec-D Tablet,Panim D 10mg/40mg Tablet,Pantoreal-D Tablet,Piza-D Tablet,Pentowok D Tablet,","GASTRO INTESTINAL","391","541","541","723","790","645","936","898","886","887","820","656","798","907","597","756","547","914","867","794","669","570","938","799","791","533","655","513","500","742","866","877","915","675","890","920","598","841","512","925","591","967","560","697","840","853","888","529","589","785","815","825","832","927","755","634","929","859","568","706","872","549","718","616","861","956","645","850","634","797","624","923","887"
"Azbu 500mg Tablet","Treatment of Bacterial infections,","Azee 500 Tablet,Azax 500 Tablet,Azicip 500 Tablet,Azithral 500 Tablet,Azisafe 500mg Tablet,","ANTI INFECTIVES","137","622","887","842","935","987","862","846","551","613","935","744","778","890","831","691","865","798","875","660","820","579","662","544","588","621","519","651","747","508","669","787","611","858","733","818","964","854","553","507","718","855","728","628","823","507","834","709","553","607","730","599","575","928","534","587","763","892","931","731","809","935","667","763","994","885","559","678","995","513","779","768","669"
"Lotevail Eye Drop","Redness and swelling in the eye,","Lotepred Eye Drop,L-pred Ophthalmic Suspension,Lotiviz 0.5% Eye Drop,Lotopex Eye Drop,Neoloterx Eye Drop,","OPHTHAL","85","897","901","572","734","789","888","935","991","750","939","667","682","707","802","723","563","898","830","916","871","697","682","749","552","753","861","744","732","937","810","512","819","936","506","500","952","796","921","934","506","707","694","765","881","712","753","685","961","724","699","508","693","819","597","566","541","993","886","886","594","761","819","596","770","773","564","973","705","665","817","521","862"
"Althrocin Kid 125mg Tablet","Treatment of Pertussis,Treatment of Diphtheria,Treatment of Bacterial infections,","Eltocin Kid   125mg Tablet,Suzithrocin 125mg Tablet,T Mycin Kid Tablet,Althrocin 125mg Tablet,Erycin 125mg Tablet,","ANTI INFECTIVES","217","935","714","600","740","568","697","812","518","884","803","558","969","716","890","869","657","553","922","712","646","590","726","652","606","902","834","709","992","808","920","506","927","652","943","617","898","999","812","650","944","864","560","743","529","697","812","580","840","785","905","572","971","507","851","896","873","769","505","986","778","760","733","871","914","727","814","639","764","888","976","997","929"
"Tacrozen M 0.03% Ointment","Treatment of Atopic dermatitis,","Rockmus XL Ointment,Tacroz Ointment,Takfa Ointment,Tacroz Ointment,Tacrotor 0.03% Ointment,","ANTI NEOPLASTICS","455","778","865","553","898","945","754","609","787","552","784","880","638","937","786","916","996","536","600","804","831","758","546","858","865","501","990","650","561","544","847","758","916","859","879","858","863","609","638","805","952","504","759","971","907","620","698","759","516","501","803","701","530","609","897","668","534","796","884","826","794","694","746","744","513","604","669","969","857","985","534","548","821"
"Kayloric 100mg Tablet","Treatment of Gout,","Zyloric Tablet,Puric 100mg Tablet,Alur 100mg Tablet,Zylonol 100 Tablet,Allric 100mg Tablet,","PAIN ANALGESICS","453","540","685","950","525","731","821","834","724","522","931","847","932","590","843","596","708","965","523","907","859","686","625","925","801","556","624","651","652","564","851","745","517","648","890","615","789","822","834","629","628","561","891","813","989","580","544","681","647","937","764","786","663","662","828","775","602","586","666","691","716","602","605","890","976","508","915","928","559","886","948","688","644"
"Oleptal 600 Tablet","Epilepsy/Seizures,","Oxetol 600 Tablet,Zenoxa 600 Tablet,Trioptal 600 Tablet,Oxcarb 600 Tablet,Vinlep 600 Tablet,","NEURO CNS","340","676","700","824","912","800","556","950","751","534","817","710","895","947","855","779","878","868","834","673","532","516","864","589","611","984","515","761","558","871","760","758","580","873","893","766","582","653","947","976","985","802","829","816","967","964","674","681","932","508","913","849","672","502","872","859","736","700","830","572","891","800","563","992","552","519","882","881","526","840","913","863","511"
"Kasgab M 300mg/500mcg Tablet","Treatment of Neuropathic pain,","Cobacag G 300mg/500mcg Tablet,Gabanerve Tablet,Gabacip M Tablet,Gabanef Tablet,Gabantin Forte Tablet,","NEURO CNS","362","563","653","535","586","943","905","589","556","508","946","972","650","779","733","932","845","816","669","931","858","641","791","762","933","553","764","545","813","576","774","826","903","911","743","867","561","936","831","570","526","879","674","669","760","504","851","711","937","612","863","773","618","947","861","640","581","977","774","636","831","822","618","727","708","745","643","676","788","952","526","713","794"
"Glimizest MV 1mg/500mg/0.2mg Tablet","Treatment of Type 2 diabetes mellitus,","Glimestar MV 1mg/500mg/0.2mg Tablet,Glimpure MV1 Tablet,Metasens VG 1mg Tablet,Glimbeta MV 1mg/500mg/0.2mg Tablet,Glemevose 1mg/500mg/0.2mg Tablet,","ANTI DIABETIC","351","993","880","540","706","712","761","837","696","624","593","875","544","574","937","550","962","978","845","616","592","877","620","784","738","704","772","610","914","954","744","566","568","909","640","777","570","931","665","566","726","773","706","731","716","989","567","507","543","580","844","924","643","782","866","802","661","522","730","546","984","547","899","505","849","745","743","729","758","771","777","534","983"
"Ciprolet OZ 750mg Tablet","Treatment of Bacterial infections,","Floxonil 750mg Tablet,Quinoxin 750mg Tablet,Quilox 750mg Tablet,Flox C 750mg Tablet,Ciplox 750 Tablet,","GASTRO INTESTINAL","397","913","546","967","865","641","975","848","580","634","935","569","933","937","546","668","629","786","650","951","722","631","633","722","612","948","916","523","894","525","751","653","971","953","998","518","852","785","664","657","538","742","715","577","965","969","662","716","543","771","899","866","683","745","587","936","521","818","503","579","692","616","729","594","875","821","686","957","701","762","864","866","983"
"SM-Cool O Suspension","Treatment of Acidity,Treatment of Heartburn,Treatment of Stomach ulcers,","Jufate O 1000 mg/20 mg Suspension Sugar Free,Jufate O 1000 mg/20 mg Suspension,Suphacid Suspension,Mac OS Suspension,Mac OS 1000mg/20mg Suspension,","GASTRO INTESTINAL","311","959","967","618","964","582","636","616","610","891","685","765","844","753","673","544","716","655","969","906","870","598","972","998","602","830","724","963","907","879","654","942","733","877","640","519","682","689","805","969","597","597","885","838","872","864","759","674","665","931","702","707","800","687","968","509","987","946","590","896","511","801","673","531","859","604","701","773","751","634","857","891","510"
"Olapin Forte 20 mg/10 mg Tablet","Bipolar depression,","Fostera 20 mg/10 mg Tablet,Oleanz Forte Tablet,Olanex Plus 10 Tablet,Olnep Plus 20mg/10mg Tablet,Olay Forte Tablet,","NEURO CNS","413","957","694","588","633","862","849","734","592","830","681","534","996","620","705","907","632","814","800","500","996","692","662","771","648","708","715","551","606","756","588","646","976","595","765","556","705","598","559","627","526","812","650","808","580","580","579","752","917","979","817","596","696","863","786","847","543","765","832","925","824","972","538","813","764","931","721","625","952","921","717","590","865"
"Alendix 70mg Tablet","Treatment of Osteoporosis,Treatment of Paget's disease,","Osteofos 70 Tablet,Bifosa 70 Tablet,Alendrate 70mg Tablet,Alenost 70mg Tablet,Alenfos 70mg Tablet,","PAIN ANALGESICS","313","785","969","971","900","908","982","679","832","855","625","939","929","622","879","734","501","611","823","767","696","917","754","909","580","713","547","519","867","842","650","659","923","617","987","869","977","912","746","561","514","908","805","793","683","646","650","586","663","866","957","818","627","608","662","542","634","736","966","666","534","606","616","518","687","996","928","962","887","683","694","558","980"
"Actorab IT 20mg/150mg Capsule SR","Gastroesophageal reflux disease (Acid reflux),Peptic ulcer disease,","Razocid-IT Capsule SR,Raberide-IT Capsule SR,Kritcid IT 20mg/150mg Capsule SR,Acigerd IT 20mg/150mg Capsule SR,Rabsung IT 20mg/150mg Capsule SR,","GASTRO INTESTINAL","285","628","644","762","903","770","931","905","774","846","733","689","989","736","965","780","660","894","730","695","593","644","877","903","501","538","687","500","574","609","736","645","597","868","902","779","705","679","550","784","621","507","652","984","781","874","874","831","508","931","716","777","711","617","871","757","674","835","920","861","673","779","914","980","597","717","944","591","589","865","994","526","627"
"Starmik 100mg Injection","Bacterial infections,","Mikacin 100mg Injection,Amikamac 100mg Injection,Amicin 100mg Injection,Macmika 100mg Injection,Omnikacin 100mg Injection,","ANTI INFECTIVES","65","574","752","984","880","681","895","954","597","969","871","976","613","916","928","741","648","751","931","520","597","749","706","533","840","930","950","539","654","907","993","609","702","937","520","535","850","930","634","630","639","693","655","832","706","882","677","675","753","863","777","890","666","534","774","733","934","778","919","957","645","658","554","859","850","965","817","679","638","589","764","811","827"
"Esgedap 5mg Tablet","Treatment of Type 2 diabetes mellitus,","Justoza 5mg Tablet,Dapaford 5 Tablet,Myoda 5mg Tablet,Dapaglyn 5 Tablet,Forxiga 5mg Tablet,","ANTI DIABETIC","355","855","965","562","879","799","558","707","568","701","966","557","779","635","915","948","960","971","775","759","645","577","900","513","593","710","894","664","929","868","805","724","667","991","973","529","840","842","867","860","664","678","837","979","821","819","813","697","936","951","798","624","623","677","629","767","996","989","712","712","955","778","965","707","829","741","802","537","661","603","748","991","672"
"Xoricort 6mg Tablet","Treatment of Inflammatory conditions,Treatment of Autoimmune conditions,","Defcicot 6mg Tablet,Zefcort 6mg Tablet,Deflawok 6mg Tablet,Deflink 6mg Tablet,Defza 6 Tablet,","HORMONES","394","870","834","871","603","846","596","746","600","532","509","941","699","913","963","853","756","896","502","961","535","693","544","606","536","509","584","803","793","883","585","792","893","890","810","906","542","898","980","625","591","997","992","560","577","946","767","758","500","956","628","962","838","637","914","602","696","560","999","986","825","945","785","555","828","948","756","719","578","848","789","503","521"
"Rofluz 500mcg Tablet","Chronic obstructive pulmonary disease (COPD),","Rofaday Tablet,Rofum Tablet,Rofmil Tablet,Roflair Tablet,Filast 500 Tablet,","RESPIRATORY","202","982","705","676","664","939","621","696","732","910","751","504","572","563","747","987","785","692","676","810","744","747","614","668","638","586","588","610","827","695","950","999","770","826","591","674","724","821","893","841","856","520","526","738","692","767","854","880","943","986","947","835","611","570","654","722","837","662","747","703","716","769","553","683","866","927","919","691","887","659","783","969","936"
"Ropraz 20 Tablet","Treatment of Gastroesophageal reflux disease (Acid reflux),Treatment of Peptic ulcer disease,Treatment of Zollinger-Ellison syndrome,","Rabikos 20mg Tablet,Rabimond 20mg Tablet,Cyra 20mg Tablet,Razo 20 Tablet,Veloz 20 Tablet,","GASTRO INTESTINAL","216","636","870","588","895","784","669","703","699","938","759","874","646","692","639","930","867","681","996","855","521","622","712","845","870","724","883","700","887","570","567","682","593","656","554","614","773","683","942","766","791","945","776","706","648","657","851","668","687","528","708","873","924","627","869","958","677","913","967","956","613","909","737","558","577","754","662","989","753","779","755","642","773"
"Esogress IT 40mg/150mg Tablet","Gastroesophageal reflux disease (Acid reflux),","Nexchio IT 40mg/150mg Tablet,Eslis IT 40mg/150mg Tablet,","GASTRO INTESTINAL","87","565","766","939","798","820","895","736","725","921","918","577","759","819","506","762","955","590","685","876","828","941","620","606","930","576","787","855","556","545","854","742","616","784","750","874","992","562","631","525","966","806","535","784","811","735","912","588","888","563","628","991","513","678","638","902","539","868","528","931","730","756","876","528","688","844","900","694","649","618","643","957","500"
"Winacid D 30mg/40mg Capsule SR","Treatment of Gastroesophageal reflux disease (Acid reflux),","Ecobest D 30mg/40mg Capsule SR,Xom-D Capsule SR,Ezimoz-SD Capsule SR,","GASTRO INTESTINAL","308","642","522","960","835","659","583","558","684","652","881","500","568","623","537","910","944","888","882","838","758","925","769","814","793","751","587","591","818","617","911","510","997","628","623","976","660","806","799","770","815","545","966","646","632","816","803","937","973","862","840","558","749","859","837","877","988","731","851","845","583","958","663","709","856","650","767","665","558","864","676","609","781"
"Vildatone M 1000mg/50mg Tablet","Treatment of Type 2 diabetes mellitus,","Gliptagreat M 1000 Tablet,Cipvildin M 1000mg/50mg Tablet,Vildader Met 1000mg/50mg Tablet,Vidaglo-M 50/1000 Tablet,Jalra-M  50mg/1000mg Tablet,","ANTI DIABETIC","131","718","931","526","994","930","562","645","975","649","674","682","582","619","692","897","883","698","609","985","639","730","839","849","613","779","805","973","652","731","686","894","515","539","823","650","630","981","667","668","804","964","933","690","955","656","882","550","748","766","964","922","507","616","938","792","884","518","749","930","767","988","821","667","584","676","974","909","703","740","958","554","782"
"Luliderm Cream","Treatment of Fungal skin infections,","Luliford Cream,Ludura Cream,Ludura Soft Cream,Lulifin Cream,Lulican Cream,","DERMA","357","973","768","850","769","739","758","643","946","529","688","648","671","509","722","532","873","793","528","767","515","957","669","926","964","877","605","508","846","892","903","669","996","667","976","619","687","911","634","937","969","702","638","872","558","945","885","894","604","583","885","629","507","854","613","896","943","570","627","705","787","556","886","739","630","878","868","516","963","941","584","676","549"
"Talnav H 40mg/12.5mg Tablet","Treatment of Hypertension (high blood pressure),","Telkonol H 40mg/12.5mg Tablet,Venpres-H 40mg/12.5mg Tablet,Telvilite H 40mg/12.5mg Tablet,Telmikind-H Tablet,Telvas H 40/12.5 Tablet,","CARDIAC","222","728","689","805","929","503","517","706","866","712","969","698","624","742","523","725","741","744","548","514","629","725","611","597","880","669","764","874","686","805","930","840","918","909","962","539","772","919","508","947","990","911","839","933","554","654","653","857","782","609","557","858","849","822","746","507","802","770","817","632","731","658","954","572","965","836","620","538","810","682","839","511","548"
"Instazin AM 5mg/60mg Tablet","Treatment of Cough,","Relent Tablet,Hicet-AX 5mg/60mg Tablet,ZyrCold Tablet,ZyrCold Tablet,Cetzine A  Tablet,","RESPIRATORY","43","762","740","874","628","665","632","951","867","878","797","775","956","998","665","601","624","526","913","892","528","673","866","788","847","995","704","932","542","860","604","684","567","506","579","772","660","939","787","549","825","766","998","821","919","531","799","764","722","833","936","828","593","503","956","525","918","620","925","766","733","768","912","667","538","645","620","774","713","728","619","785","657"
"Cofnil T 1.5mg Syrup","Chronic obstructive pulmonary disease (COPD),","Bricalet 1.5mg Syrup,Terbujel 1.5mg Syrup,Aerodyn-T Syrup,Bricawin 1.5mg Syrup,","RESPIRATORY","387","528","618","551","894","902","824","626","753","854","647","852","727","524","631","662","660","955","782","577","680","644","799","724","859","835","744","814","811","776","673","660","800","869","725","836","733","993","896","941","689","978","946","887","822","640","524","536","615","882","629","980","738","938","580","506","578","628","521","843","705","701","586","840","512","622","532","610","624","580","911","766","663"
"Vripreg-M Plus Tablet SR","Treatment of Neuropathic pain,","Nervmax SR 75 Tablet,Axogurd-SR Tablet,Pregeb M OD 75 Tablet SR,Mahagaba-M OD Tablet SR,Pregalin X SR 75 Tablet,","NEURO CNS","416","638","706","500","680","538","549","955","770","622","653","522","759","587","610","767","854","601","633","649","862","809","811","809","798","994","775","593","651","684","708","700","721","964","932","787","786","665","665","853","840","952","804","827","794","658","804","535","999","984","833","786","635","964","843","942","882","691","947","693","707","823","784","664","806","586","938","744","638","850","789","606","543"
"Pregnin Retard  10mg Tablet","Treatment of Peripheral vascular disease,Treatment of Premature Labor,","Duvadilan Tablet,Tidilan 10 Tablet,Gestakind 10mg Tablet,Suprox Tablet,Pregnin 10mg Tablet,","GYNAECOLOGICAL","474","576","809","619","743","631","967","735","860","614","907","568","667","506","928","771","648","747","906","578","659","795","927","909","761","944","774","863","715","919","980","685","637","837","860","842","543","623","587","823","659","802","545","589","790","604","715","517","588","743","582","668","951","523","748","716","784","500","675","844","746","742","603","971","651","685","778","665","977","673","735","590","854"
"Canpride 4mg Tablet","Treatment of Type 2 diabetes mellitus,","GP 4 Tablet,Glimestar 4 Tablet,Glimy 4 Tablet,Zoryl 4 Tablet,Azulix 4 Tablet,","ANTI DIABETIC","149","566","662","971","845","845","856","504","950","807","862","740","816","924","824","780","893","636","621","635","694","938","726","692","754","782","537","878","902","733","580","628","595","568","614","948","504","766","742","951","950","550","814","704","973","733","583","562","821","637","816","864","740","568","549","670","916","965","631","646","517","699","909","502","676","605","633","714","981","617","886","763","739"
"Rosinorm G 2mg/80mg Tablet","Treatment of Type 2 diabetes mellitus,","","ANTI DIABETIC","313","593","986","745","887","902","632","662","901","691","881","951","611","583","903","852","634","957","974","853","570","776","971","800","990","509","740","756","550","700","655","671","623","985","998","575","657","867","948","987","887","966","502","780","927","663","745","928","568","876","780","540","998","547","974","949","709","703","693","705","863","658","522","579","604","503","567","563","876","865","855","597","876"
"Crolimate 0.03% Ointment","Treatment of Atopic dermatitis,","Tecrosis Ointment,","ANTI NEOPLASTICS","271","729","765","939","897","852","978","502","962","752","844","881","940","900","846","526","805","569","698","835","967","932","503","673","959","990","504","519","619","878","864","601","544","673","732","612","708","654","843","803","667","734","911","777","621","920","654","510","902","957","870","505","558","912","681","666","641","688","556","896","530","509","548","762","795","522","597","708","589","502","804","579","561"
"Sero 200mg Tablet SR","Pain relief,","Nacbeat SR 200 Tablet,Hifenac SR Tablet,Dolokind - SR Tablet,Aceclo SR Tablet,Acenac-SR Tablet,","PAIN ANALGESICS","116","954","507","873","712","794","751","794","704","720","641","962","925","981","685","529","724","595","893","975","934","931","679","830","788","548","956","617","507","851","500","597","747","739","802","627","602","878","556","785","530","685","927","596","683","520","711","548","633","729","590","646","646","946","808","906","653","759","831","880","538","742","904","625","764","827","578","784","570","812","530","764","562"
"Capsain 50mg Injection","Severe fungal infections,","Casfung 50 Injection,Caspogard 50mg Injection,Kabifungin 50 Injection,Cancidas 50mg Injection,Brufungin 50 Injection,","ANTI INFECTIVES","293","758","901","834","761","666","663","995","684","558","692","651","687","989","688","860","984","754","623","926","579","634","576","813","698","620","733","985","924","681","785","779","875","797","653","812","562","908","880","659","684","532","921","780","748","692","671","960","551","606","973","805","909","523","772","862","599","859","650","864","713","744","569","904","628","531","873","558","878","545","610","787","947"
"Vimderm Plus Cream","Skin infections,","","DERMA","472","505","595","795","577","984","816","509","968","999","844","970","973","961","579","590","944","576","633","671","912","545","613","786","566","712","616","928","650","910","867","952","688","978","669","618","567","680","888","508","968","949","596","730","806","617","829","833","813","514","683","700","821","612","889","539","649","875","590","594","953","742","749","662","970","599","854","787","977","820","615","700","512"
"Ozynim P 100mg/325mg Tablet","Pain relief,","Sumo Tablet,Nicip Plus Tablet,Nimprex-P Tablet,Nobel-Plus Tablet,Nock 2 Tablet,","PAIN ANALGESICS","469","523","965","559","660","589","892","790","562","690","658","601","769","514","823","547","850","662","775","820","540","880","873","652","963","940","837","860","604","736","688","666","878","571","623","631","944","675","998","630","999","860","808","757","819","914","929","955","951","851","519","922","662","615","582","534","589","760","667","735","771","865","972","541","807","703","514","660","561","811","747","748","756"
"Swaros 100mg Injection","Treatment of Iron deficiency anemia,","Vitcofol S 100mg Injection,Encifer Injection,Feronia-IV 100 Injection,Fegold 100mg Injection,Ferbite 100mg Injection,","GYNAECOLOGICAL","258","572","720","519","512","745","504","867","936","587","563","680","800","936","729","553","810","917","981","715","578","810","986","930","527","623","663","508","808","836","797","569","997","794","990","597","587","505","571","834","847","817","833","862","560","509","902","957","536","701","676","743","994","983","880","740","697","953","589","857","760","586","870","741","525","921","630","826","741","700","511","645","907"
"Aciky-PG 200/75 Tablet SR","Treatment of Neuropathic pain,Pain relief,","Zerodol-PG 200/75 Tablet SR,Zix-PG 200/75 Tablet SR,Nersave A 200mg/75mg Tablet SR,Metanac PG 200mg/75mg Tablet SR,Dubinac-SR Tablet,","PAIN ANALGESICS","417","999","727","940","597","545","648","901","972","620","994","749","554","885","915","880","987","987","935","945","589","749","566","759","582","695","708","689","773","845","780","771","696","939","716","862","988","949","796","730","646","520","501","832","591","795","578","710","692","863","875","663","556","605","827","711","502","754","564","540","507","909","549","857","833","814","532","924","531","995","954","751","514"
"Ofluce OZ Oral Suspension","Treatment of Bacterial & parasitic infections,","Powergyl Oral Suspension,Oflomac OZ Suspension,Scoff OZ Oral Suspension,Roniflox OZ Oral Suspension,Alviof OZ Oral Suspension,","GASTRO INTESTINAL","184","583","856","880","884","529","711","705","523","802","817","526","633","715","507","726","751","918","591","658","624","823","515","994","780","880","715","846","570","709","773","813","608","975","955","972","581","699","535","841","666","975","979","796","950","714","702","855","851","793","680","863","891","835","550","671","595","893","722","596","916","810","838","691","755","974","503","714","599","670","826","523","943"
"Cyproset Syrup","Appetite stimulant,","Biopron Syrup,Hedac-T Syrup,Cycolite Syrup Sugar Free,Virocyp Syrup,Krosyp Syrup,","VITAMINS MINERALS NUTRIENTS","160","617","590","924","585","595","778","515","527","685","515","763","716","525","541","951","887","744","523","623","849","599","908","538","641","988","542","649","789","793","823","547","903","987","747","766","722","888","717","638","927","815","548","758","804","514","521","807","757","638","656","981","986","987","697","565","584","823","586","661","680","988","822","644","754","834","577","841","928","651","751","955","535"
"Cefkia 250mg Injection","Treatment of Bacterial infections,","Monocef 250mg Injection,C Tri 250mg Injection,Traxol 250mg Injection,Odicef 250mg Injection,Powercef 250mg Injection,","ANTI INFECTIVES","82","543","579","828","927","684","870","702","763","539","744","963","762","594","943","957","922","801","962","958","891","772","977","914","828","522","588","731","739","979","925","643","799","773","744","985","800","546","771","921","926","715","543","790","969","844","838","517","605","871","869","688","771","811","630","506","897","890","708","871","744","697","991","521","723","728","624","693","871","569","893","795","877"
"HYVISC FORTE  EYE DROPS","Treatment of Dry eyes,","Aquaray Plus  Eye Drop,Aquim PF Eye Drop,Soha Liquigel,Lumecare Advance HA Eye Drop,Hyane Eye Drop,","OPHTHAL","135","645","517","632","688","942","787","638","734","657","730","639","559","783","734","960","665","836","917","613","566","520","925","802","991","609","721","564","880","703","615","937","622","527","546","666","807","679","902","504","978","822","722","515","771","572","760","763","760","934","867","761","869","520","738","817","850","768","621","670","608","863","539","611","744","899","851","993","620","883","763","726","571"
"Floxaze OZ 200mg/500mg Tablet","Treatment of Bacterial & parasitic infections,","Oflozee-OZ Tablet,Office-OZ Tablet,Nor-Metrogyl Plus Tablet,Zoppy OZ 200mg/500mg Tablet,Estaflox Plus Tablet,","GASTRO INTESTINAL","442","868","950","612","796","692","677","664","993","621","743","611","742","845","707","795","918","913","663","779","951","505","631","812","815","906","603","991","950","643","949","604","650","957","687","754","637","637","921","806","994","861","608","559","657","888","951","931","557","592","831","763","704","826","803","784","806","939","865","658","870","873","929","967","810","790","667","981","702","719","651","806","789"
"Levikind 500mg Injection","Treatment of Epilepsy/Seizures,","Levepsy 500mg Injection,Epicetam Injection,Torleva Injection,Keppra Injection,Levihop Injection,","NEURO CNS","452","849","550","861","568","576","708","694","568","944","978","966","599","893","740","596","851","916","999","596","610","719","886","951","909","563","596","962","888","796","580","763","708","579","609","741","981","653","527","887","564","678","758","560","808","646","858","764","596","971","708","623","765","981","590","747","794","507","961","691","522","766","676","862","749","881","649","519","856","859","727","631","947"
"Met M 2mg/500mg Tablet","Treatment of Type 2 diabetes mellitus,","Glimifix M 2 mg/500 mg Tablet,Glitaray M 2mg/500mg Tablet,Glucut 2 MT Tablet,Glavin-M 2 Tablet,Glycifit G 2 Tablet,","ANTI DIABETIC","363","630","589","749","757","737","737","563","782","865","609","950","532","985","902","531","905","928","911","713","585","652","643","851","957","924","718","587","832","951","870","565","618","640","685","722","695","739","816","706","689","582","772","648","998","785","801","937","677","724","624","500","752","738","628","573","616","595","945","833","593","528","949","970","745","659","548","893","680","839","600","500","861"
"Kazobrox LS Syrup","Asthma,","","RESPIRATORY","73","693","551","991","564","852","809","534","759","744","969","833","512","989","687","952","854","840","588","837","752","702","523","942","668","733","809","695","867","757","772","670","926","827","580","958","921","895","607","809","828","883","635","782","956","508","850","865","867","825","905","924","520","666","854","708","702","652","653","621","821","798","785","715","948","697","805","640","901","709","650","919","770"
"Cilnipres TC 40mg/10mg/12.5mg Tablet","Hypertension (high blood pressure),","Telmikind Trio 40mg/10mg/12.5mg Tablet,Tsart Trio 12.5 Tablet,Macsart CC  Tablet,Dilnip-Trio Tablet,Cilacar TC 12.5 Tablet,","CARDIAC","404","923","601","828","532","843","731","592","995","823","835","984","698","599","919","980","633","632","746","789","917","620","931","728","859","876","737","999","589","726","667","563","858","590","699","856","845","534","694","748","770","958","650","714","913","793","745","763","956","927","674","588","779","501","574","600","923","795","941","718","948","634","870","902","752","529","993","668","894","542","621","929","632"
"Tsart-H Tablet","Treatment of Hypertension (high blood pressure),","Telmavas-H Tablet,Telgard H Tablet,Telvas H 40/12.5 Tablet,Tazloc-H Tablet,Telista-H Tablet,","CARDIAC","347","777","611","511","509","892","742","641","514","603","691","895","552","609","881","688","999","825","787","617","679","841","671","951","696","940","859","813","772","974","957","852","744","842","804","889","891","961","691","705","628","502","559","584","759","971","885","663","825","989","900","516","921","864","745","944","914","566","886","724","558","750","641","873","536","931","679","805","886","983","647","800","523"
"Onoff TZ 200mg/600mg Tablet","Diarrhea,Dysentery,","Oflox TZ Tablet,Oflomac TZ 200 mg/600 mg Tablet,Oxa TZ Tablet,Bestoflox TZ Tablet,Ofx TZ Tablet,","GASTRO INTESTINAL","418","710","697","553","593","958","541","878","775","812","725","542","742","910","932","741","590","968","916","791","688","567","503","503","894","621","758","704","879","558","783","569","893","531","693","972","845","761","802","565","590","838","965","801","735","740","930","759","971","587","767","928","675","832","528","547","791","775","811","724","889","847","803","636","923","511","916","795","768","777","912","546","807"
"Ufibate-S Ointment","Treatment of Eczema,Treatment of Psoriasis,","Dipsalic F Ointment,Topisal 3% Ointment,Medisalic Ointment,Clop S Ointment,Niosalic Ointment,","DERMA","272","754","704","836","671","517","985","573","559","624","994","858","906","717","764","844","895","963","793","618","920","673","698","851","645","688","808","809","577","744","602","880","516","557","510","659","695","585","717","577","936","802","777","744","854","626","990","671","926","843","597","735","941","800","877","583","987","635","995","977","680","929","753","617","650","748","607","906","610","792","760","580","816"
"Microspan D 10gm/5gm Infusion","Short term fluid replacement after trauma,","Nirtran 5D 10gm/5gm Infusion,","BLOOD RELATED","300","872","948","904","586","520","855","767","852","664","573","525","687","536","780","615","537","668","624","981","902","928","565","554","613","861","736","669","796","738","704","880","985","573","896","889","906","582","807","705","901","582","659","750","655","546","662","721","715","967","851","855","986","662","954","822","692","772","727","920","946","756","537","677","856","542","611","822","819","704","881","680","805"
"Fetchpod CV 200mg/125mg Tablet","Treatment of Respiratory tract infection,","Gudcef-CV 200 Tablet,Cepodem XP 325 Tablet,Doxcef CV 200 Tablet,Swich CV 325 Tablet,Cefchamp 325 Tablet,","ANTI INFECTIVES","284","608","885","761","564","657","980","697","532","595","640","981","632","618","883","541","805","987","566","683","648","649","573","546","697","991","615","645","972","503","526","961","988","660","733","741","603","617","534","864","558","781","535","946","629","668","884","872","963","512","628","559","512","922","714","564","888","727","763","721","998","834","837","852","669","844","814","916","663","587","711","841","559"
"Iotim B Ophthalmic Solution","Treatment of Glaucoma,Treatment of Ocular hypertension,","Rimoflo-T Ophthalmic Solution,Brimoeye-T Ophthalmic Solution,Vidinorm Ophthalmic Solution,Bromostar-T Eye Drop,Bidin T  Eye Drops BAK Free,","OPHTHAL","174","669","748","630","813","613","775","995","961","664","941","514","540","693","588","946","805","932","747","593","816","821","831","516","546","701","916","713","872","894","844","637","965","963","980","517","954","647","594","917","961","995","830","897","584","604","629","932","656","640","663","663","518","628","592","501","717","571","860","859","954","878","665","692","890","874","850","818","906","524","741","711","709"
"Lonez 50mg Injection","Treatment of Post menopausal osteoporosis,","Deca-Durabolin 50 Injection,Metadec 50 Injection,Deca Intabolin 50mg Injection,Decatrolin 50mg Injection,Protomark 50mg Injection,","HORMONES","233","964","837","588","695","591","907","576","869","836","531","658","717","556","972","848","988","729","972","676","515","979","669","569","539","668","802","623","561","728","838","704","790","885","663","871","665","612","546","644","599","531","588","970","972","844","854","581","933","540","878","835","704","526","841","732","820","711","788","707","546","877","947","861","645","848","697","575","767","641","892","668","532"
"Ortel Forte Tablet 400mg","Treatment of Parasitic infections,","Albend 400mg Tablet,Bendex 400 Tablet,Womiban 400mg Tablet,Cantel 400mg Tablet,Sezole 400mg Tablet,","ANTI INFECTIVES","224","823","860","807","536","560","895","931","765","876","700","800","723","730","821","710","945","660","960","686","833","817","800","990","964","890","966","858","516","973","862","961","594","638","889","781","732","769","938","670","632","665","580","954","775","659","840","715","522","578","846","608","783","635","942","857","972","879","870","953","656","520","899","606","635","537","914","980","837","766","556","691","862"
"Atisac T 100mg/4mg Tablet","Treatment of Pain due to muscle spasm,","Acemiz TH 100mg/4mg Tablet,Ark-TH4 Tablet,Zerodol TH 4 Tablet,Zix-MR Tablet,Hifenac TH Tablet,","PAIN ANALGESICS","421","743","662","671","953","621","511","594","651","855","887","645","731","996","689","989","561","638","573","553","500","799","965","552","641","572","911","828","762","871","505","510","883","593","892","918","684","693","713","980","955","833","601","633","662","719","637","648","738","704","512","760","895","545","973","862","589","811","856","613","923","844","880","926","754","836","683","659","777","694","947","528","564"
"Lis Ten 10mg Tablet","Hypertension (high blood pressure),Heart failure,Prevention of heart attack and stroke,","Hypernil 10mg Tablet,Listril 10 Tablet,Lipril 10 Tablet,Lisoril 10 Tablet,Hipril 10mg Tablet,","CARDIAC","309","777","526","656","847","580","597","518","505","558","985","876","550","802","767","753","927","681","670","823","877","618","854","700","505","752","940","886","935","957","785","799","989","699","705","570","906","727","582","980","801","893","606","947","780","735","546","625","575","719","851","834","935","984","891","735","839","961","853","851","590","892","879","784","637","778","934","979","760","504","864","750","697"
"Mitclox D 250mg/250mg Tablet","Bacterial infections,","Almox C Plus Tablet,Moxilium Plus 250 mg/250 mg Tablet,Xydif 250 mg/250 mg Tablet,Bicilin D 250 mg/250 mg Tablet,Clomobac DL 250 mg/250 mg Tablet,","ANTI INFECTIVES","197","724","870","971","930","666","683","541","693","729","945","962","585","562","931","964","611","639","772","522","747","613","828","872","633","592","802","504","612","668","878","799","735","997","988","690","935","809","921","726","833","515","787","719","616","520","849","666","955","777","704","647","769","591","549","662","678","727","551","647","623","510","909","991","873","622","627","694","931","740","841","563","618"
"Tabtret 5mg Tablet","Treatment of Acne,","Saferet 5 Tablet,Glotret 5mg Tablet,Isopil 5 Tablet,Actame 5mg Tablet,Isograce 5mg Tablet,","DERMA","424","820","989","934","523","927","997","730","985","740","878","542","920","667","705","903","546","912","783","957","908","951","876","796","624","953","692","925","915","929","891","536","978","822","855","665","735","594","557","828","546","864","880","671","721","708","529","707","742","643","512","674","543","998","977","971","708","814","660","937","518","546","739","546","567","959","885","893","915","869","875","959","650"
"Myorelaxant 300mg/250mg Tablet","Treatment of Pain due to muscle spasm,","Parafon Tablet,Pyrimet MR Tablet,","PAIN ANALGESICS","74","501","983","878","888","710","725","716","938","543","548","894","673","955","909","982","593","967","940","593","801","754","840","517","583","540","804","910","972","605","823","595","953","958","884","688","959","605","797","797","714","561","802","758","994","738","587","829","947","678","951","532","827","838","975","508","892","500","787","557","981","537","883","805","815","568","938","811","993","545","960","600","845"
"Bactoking 250mg/125mg Injection","Bacterial infections,","Traxol S 250 mg/125 mg Injection,Xone SB 250 mg/125 mg Injection,Accuzon Plus 250 mg/125 mg Injection,Maczone Plus 250 mg/125 mg Injection,Cefrine Plus 250 mg/125 mg Injection,","ANTI INFECTIVES","169","617","567","744","728","939","781","807","678","856","929","884","976","769","703","844","963","549","953","940","718","637","741","957","804","635","741","984","679","971","535","633","669","551","705","957","573","851","660","985","590","545","818","716","505","691","585","576","909","833","708","593","980","562","641","922","728","583","797","899","775","523","569","562","921","635","922","666","617","681","707","867","831"
"Cinpride 1mg Tablet","Indigestion,Gastroesophageal reflux disease (Acid reflux),","Cintapro Tablet,Kinpride Tablet,Mogit 1 Tablet,Cintaflux 1mg Tablet,Cintashine 1 Tablet,","GASTRO INTESTINAL","422","553","738","516","841","664","729","929","880","513","659","942","882","646","673","600","926","984","714","669","713","959","943","856","836","752","556","921","835","546","940","807","992","519","669","891","833","676","842","727","524","857","775","740","649","535","711","796","832","749","973","588","779","721","649","589","727","867","641","548","731","724","688","732","559","561","584","707","972","692","817","576","647"
"Anaster 25mg Injection","Treatment of Post menopausal osteoporosis,","Deca-Durabolin 25 Injection,Metadec 25 Injection,Durabolin 25 Injection,Nandrolone Decanoate 25mg Injection,Metabol 25 Injection,","HORMONES","353","944","710","512","772","709","711","970","768","851","884","877","764","884","662","761","727","660","984","541","870","621","646","896","822","945","681","679","626","635","670","579","836","932","542","732","751","734","806","525","504","502","997","573","513","868","879","731","598","543","921","858","771","728","624","747","867","843","722","871","952","966","865","770","923","979","966","550","631","884","840","642","634"
"Rixavin 15mg Tablet","Treatment and prevention of Blood clots,","Xarelto 15mg Tablet,Xarelto 15mg Tablet,Ixarola 15mg Tablet,Rivaban 15 Tablet,Rovor 15mg Tablet,","BLOOD RELATED","421","898","839","746","908","838","756","632","829","991","893","705","718","534","723","686","744","785","926","651","849","876","677","773","987","646","733","885","803","918","709","884","643","850","698","822","821","852","696","531","716","518","686","964","932","602","806","977","662","809","505","823","766","837","814","561","730","636","577","900","680","585","808","852","575","871","742","535","895","712","813","689","711"
